Id,Qty
32 inch | 43344,
32 inch | 43345,
32 inch | 43346,
32 inch | 43347,
32 inch | 43348,
32 inch | 43349,
32 inch | 43350,
32 inch | 43351,
32 inch | 43352,
32 inch | 43353,
32 inch | 43354,
32 inch | 43355,
32 inch | 43356,
32 inch | 43357,
32 inch | 43358,
32 inch | 43359,
32 inch | 43360,
32 inch | 43361,
32 inch | 43362,
32 inch | 43363,
32 inch | 43364,
32 inch | 43365,
32 inch | 43366,
32 inch | 43368,
32 inch | 43369,
32 inch | 43370,
32 inch | 43371,
32 inch | 43372,
32 inch | 43373,
32 inch | 43374,
32 inch | 43375,
32 inch | 43376,
32 inch | 43377,
32 inch | 43378,
32 inch | 43379,
32 inch | 43380,
32 inch | 43381,
32 inch | 43382,
32 inch | 43383,
32 inch | 43384,
32 inch | 43385,
32 inch | 43386,
32 inch | 43387,
32 inch | 43388,
32 inch | 43389,
32 inch | 43390,
32 inch | 43391,
32 inch | 43392,
32 inch | 43393,
32 inch | 43394,
32 inch | 43395,
32 inch | 43396,
32 inch | 43397,
32 inch | 43398,
32 inch | 43399,
32 inch | 43400,
32 inch | 43401,
32 inch | 43402,
32 inch | 43403,
32 inch | 43404,
48 inch | 43344,
48 inch | 43345,
48 inch | 43346,
48 inch | 43347,
48 inch | 43348,
48 inch | 43349,
48 inch | 43350,
48 inch | 43351,
48 inch | 43352,
48 inch | 43353,
48 inch | 43354,
48 inch | 43355,
48 inch | 43356,
48 inch | 43357,
48 inch | 43358,
48 inch | 43359,
48 inch | 43360,
48 inch | 43361,
48 inch | 43362,
48 inch | 43363,
48 inch | 43364,
48 inch | 43365,
48 inch | 43366,
48 inch | 43367,
48 inch | 43368,
48 inch | 43369,
48 inch | 43370,
48 inch | 43371,
48 inch | 43372,
48 inch | 43373,
48 inch | 43374,
48 inch | 43375,
48 inch | 43376,
48 inch | 43377,
48 inch | 43378,
48 inch | 43379,
48 inch | 43380,
48 inch | 43381,
48 inch | 43382,
48 inch | 43383,
48 inch | 43384,
48 inch | 43385,
48 inch | 43386,
48 inch | 43387,
48 inch | 43388,
48 inch | 43389,
48 inch | 43390,
48 inch | 43391,
48 inch | 43392,
48 inch | 43393,
48 inch | 43394,
48 inch | 43395,
48 inch | 43396,
48 inch | 43397,
48 inch | 43398,
48 inch | 43399,
48 inch | 43400,
48 inch | 43401,
48 inch | 43402,
48 inch | 43403,
48 inch | 43404,
55 inch | 43344,
55 inch | 43345,
55 inch | 43346,
55 inch | 43347,
55 inch | 43348,
55 inch | 43349,
55 inch | 43350,
55 inch | 43351,
55 inch | 43352,
55 inch | 43353,
55 inch | 43354,
55 inch | 43355,
55 inch | 43356,
55 inch | 43357,
55 inch | 43358,
55 inch | 43359,
55 inch | 43360,
55 inch | 43361,
55 inch | 43362,
55 inch | 43363,
55 inch | 43364,
55 inch | 43365,
55 inch | 43366,
55 inch | 43367,
55 inch | 43368,
55 inch | 43369,
55 inch | 43370,
55 inch | 43371,
55 inch | 43372,
55 inch | 43373,
55 inch | 43374,
55 inch | 43375,
55 inch | 43376,
55 inch | 43377,
55 inch | 43378,
55 inch | 43379,
55 inch | 43380,
55 inch | 43381,
55 inch | 43382,
55 inch | 43383,
55 inch | 43384,
55 inch | 43385,
55 inch | 43386,
55 inch | 43387,
55 inch | 43388,
55 inch | 43389,
55 inch | 43390,
55 inch | 43391,
55 inch | 43392,
55 inch | 43393,
55 inch | 43394,
55 inch | 43395,
55 inch | 43396,
55 inch | 43397,
55 inch | 43398,
55 inch | 43399,
55 inch | 43400,
55 inch | 43401,
55 inch | 43402,
55 inch | 43403,
55 inch | 43404,
